name	title	coding
t3_qrymkm	What all documents r required for Student ID card?  	o
t3_qrxwm5	Study permit	o
t3_qrwznq	Emre Erkmen for ENGR 233	c
t3_qrunr8	Scholarly articles	o
t3_qrt5uy	math and stats major	o
t3_qrszp4	We're looking for new r/Concordia Moderators	o
t3_qrsgag	Course difficulty PHYS 205 vs PHYS 206?	c
t3_qrq67e	Comp 228	c
t3_qrmu62	INSE 6150	c
t3_qrgecn	i’m currently in my first year and got accepted to coop. Is it recommended? Just wanted to say that i’m an international student so i’m guessing this will give me a better chance to get a job here other than just trying on my own. help?	o
t3_qrb93k	is the non credit french course better than the one with credits in concordia?	c
t3_qrb4vm	interesting majors	o
t3_qratfw	Late DISC an elective	c
t3_qraagr	University Grades	o
t3_qr9eyp	Does COMP 248 have a curve?	c
t3_qr8lnd	Stop Smoking within the Indicated Line	o
t3_qr5d7r	Looking for electives eng246/fina200/ital200/theo206	c
t3_qr4prk	Health and life sciences BcompSc	o
t3_qr3kcf	Im thinking of taking Econ 201 or 203 this winter semester	c
t3_qr3jm7	Can Concordia produce transcripts for an ongoing course?	c
t3_qr12pu	US students what gpa did you have when you applied to concordia	o
t3_qqyev4	Transferring	o
t3_qqpo5q	Don’t go to Concordia for arts	o
t3_qqm6kf	AFE Financial Aid Question	o
t3_qqkvnz	Maple Telemedicine service	o
t3_qqk482	How much financial aid money do I lose if I disc a class?	o
t3_qqi45f	Students who live alone. How you manage it out and what is your budget	r
t3_qqhr4n	math 204 crash course?	c
t3_qqg6b9	How will theology department tests work when we return to school in January?	o
t3_qqg2sg	Minimum grade for a prerequisite course	c
t3_qqb0oc	Comp 218	c
t3_qq9ztp	Surveys about Hair Salons and Nail Salons for COMM 210 Class	c
t3_qq9nd3	Failed Math 208 Midterm	c
t3_qq7zbj	COMP 232 + 233 in one semester?	c
t3_qq6isg	PHYS204	c
t3_qq5d1b	COMP 335 Syllabus	c
t3_qq3qev	I need tutoring for engr 242 statics please send halp 🚀🚀🚀🚀🙏🏻🙏🏻🙏🏻	c
t3_qpyqie	Question for CS students	o
t3_qpyg82	Ontario Transfer to Concordia University	o
t3_qpxh7l	PHYS 206 - Route of least resistance?	c
t3_qpvjxz	DISC Inquiry	o
t3_qpuhjr	Have four courses, planning to disc one tonight. Would I become a part time student?	c
t3_qptic5	What kind of phone do you use? (Survey for a class)	o
t3_qprn6y	Final year worries	o
t3_qpr2og	Guys , what’s the best website/app to find apartments for rent for students?	r
t3_qpqth4	CS electives	c
t3_qpp2m2	Retaking a course	c
t3_qplp47	Conconrdia Engr courses attendance policy	c
t3_qpljyy	What's the course availability usually like for the summer semesters?	c
t3_qple7p	Did not meet the requirements on conditional offer	o
